{"-1848994066":{"isVehicle":true,"range":30,"attenuation":{"diffRoom":6,"sameRoom":4},"diffRoomVolume":0.25,"label":"TEST2","filter":false,"scaleform":{"rotation":{"x":5.65954256057739,"y":2.03836154937744,"z":-54.53072738647461},"position":{"x":237.45420837402345,"y":-617.06298828125,"z":41.32877349853515},"name":"plate01","scale":{"x":0.10000000149011,"y":0.05000000074505,"z":0.0},"attached":false,"standalone":false},"volume":100},"1716227680":{"label":"TEST"},"-1113453233":{"renderTarget":"script_rt_tvscreen","label":"TEST"}}